{
    "model_performance": {
        "No Violento": {
            "precision": 0.9756170086232531,
            "recall": 0.9569782703806329,
            "f1-score": 0.9662077596996246,
            "support": 6857.0
        },
        "Violento": {
            "precision": 0.9092307692307692,
            "recall": 0.9474190445655659,
            "f1-score": 0.9279321714554876,
            "support": 3119.0
        },
        "accuracy": 0.9539895749799518,
        "macro avg": {
            "precision": 0.9424238889270111,
            "recall": 0.9521986574730994,
            "f1-score": 0.9470699655775561,
            "support": 9976.0
        },
        "weighted avg": {
            "precision": 0.9548613269206511,
            "recall": 0.9539895749799518,
            "f1-score": 0.9542408832227338,
            "support": 9976.0
        },
        "auc_roc": 0.9941628746794253
    },
    "location_analysis": {
        "most_dangerous": {
            "STREET": 13798,
            "RESIDENCE - APT. HOUSE": 11731,
            "RESIDENCE-HOUSE": 4649,
            "RESIDENCE - PUBLIC HOUSING": 3048,
            "CHAIN STORE": 2848
        },
        "least_dangerous": {
            "PVT HOUSE": 1,
            "TRAMWAY": 1,
            "MULTI DWELL - PUBLIC HOUS": 1,
            "LOAN COMPANY": 1,
            "OTHER HOUSE OF WORSHIP": 2
        }
    },
    "feature_importances": {
        "cat_HARRASSMENT 2": 0.13907328248023987,
        "cat_PETIT LARCENY": 0.13627639412879944,
        "cat_ASSAULT 3 & RELATED OFFENSES": 0.1313847303390503,
        "cat_OTHER OFFENSES RELATED TO THEFT": 0.07706568390130997,
        "cat_VEHICLE AND TRAFFIC LAWS": 0.07358580082654953,
        "cat_OFF. AGNST PUB ORD SENSBLTY &": 0.056894224137067795,
        "cat_GRAND LARCENY": 0.04848312959074974,
        "cat_FELONY ASSAULT": 0.0398012213408947,
        "cat_BURGLARY": 0.02915974147617817,
        "cat_OFFENSES AGAINST PUBLIC ADMINI": 0.028972797095775604,
        "cat_ROBBERY": 0.02734082005918026,
        "cat_GRAND LARCENY OF MOTOR VEHICLE": 0.02588954009115696,
        "cat_MISCELLANEOUS PENAL LAW": 0.020310815423727036,
        "cat_FORGERY": 0.01785299926996231,
        "cat_INTOXICATED & IMPAIRED DRIVING": 0.015528833493590355
    },
    "plot_paths": {
        "confusion_matrix": "img/confusion_matrix.png",
        "feature_importance": "img/feature_importance.png"
    }
}