{
    "model_performance": {
        "No Violento": {
            "precision": 0.9424460431654677,
            "recall": 0.9776119402985075,
            "f1-score": 0.9597069597069597,
            "support": 134.0
        },
        "Violento": {
            "precision": 0.9508196721311475,
            "recall": 0.8787878787878788,
            "f1-score": 0.9133858267716536,
            "support": 66.0
        },
        "accuracy": 0.945,
        "macro avg": {
            "precision": 0.9466328576483076,
            "recall": 0.9281999095431932,
            "f1-score": 0.9365463932393067,
            "support": 200.0
        },
        "weighted avg": {
            "precision": 0.9452093407241421,
            "recall": 0.945,
            "f1-score": 0.9444209858383087,
            "support": 200.0
        },
        "auc_roc": 0.9872795115332429
    },
    "location_analysis": {
        "most_dangerous": {
            "STREET": 299,
            "RESIDENCE - APT. HOUSE": 226,
            "RESIDENCE-HOUSE": 108,
            "RESIDENCE - PUBLIC HOUSING": 70,
            "CHAIN STORE": 64
        },
        "least_dangerous": {
            "MULTI DWELL - APT BUILD": 1,
            "MAILBOX OUTSIDE": 1,
            "CHURCH": 1,
            "PRIVATE/PAROCHIAL SCHOOL": 1,
            "PUBLIC SCHOOL": 1
        }
    },
    "feature_importances": {
        "cat_ASSAULT 3 & RELATED OFFENSES": 0.12323576211929321,
        "cat_HARRASSMENT 2": 0.11506788432598114,
        "cat_PETIT LARCENY": 0.1126892939209938,
        "cat_GRAND LARCENY": 0.09419911354780197,
        "cat_FELONY ASSAULT": 0.08846357464790344,
        "cat_GRAND LARCENY OF MOTOR VEHICLE": 0.06418541073799133,
        "cat_BURGLARY": 0.049996040761470795,
        "cat_ROBBERY": 0.039296068251132965,
        "cat_MISCELLANEOUS PENAL LAW": 0.03773363679647446,
        "cat_VEHICLE AND TRAFFIC LAWS": 0.03679603710770607,
        "cat_OFF. AGNST PUB ORD SENSBLTY &": 0.02192104607820511,
        "cat_DANGEROUS WEAPONS": 0.017162326723337173,
        "cat_OFFENSES AGAINST PUBLIC ADMINI": 0.017093144357204437,
        "cat_31": 0.01465501170605421,
        "cat_OTHER STATE LAWS": 0.013417004607617855
    },
    "plot_paths": {
        "confusion_matrix": "img/confusion_matrix.png",
        "feature_importance": "img/feature_importance.png"
    }
}