{
    "model_performance": {
        "No Violento": {
            "precision": 0.9565217391304348,
            "recall": 0.9777777777777777,
            "f1-score": 0.967032967032967,
            "support": 135.0
        },
        "Violento": {
            "precision": 0.9516129032258065,
            "recall": 0.9076923076923077,
            "f1-score": 0.9291338582677166,
            "support": 65.0
        },
        "accuracy": 0.955,
        "macro avg": {
            "precision": 0.9540673211781207,
            "recall": 0.9427350427350427,
            "f1-score": 0.9480834126503418,
            "support": 200.0
        },
        "weighted avg": {
            "precision": 0.9549263674614307,
            "recall": 0.955,
            "f1-score": 0.9547157566842606,
            "support": 200.0
        }
    },
    "location_analysis": {
        "most_dangerous": {
            "STREET": 298,
            "RESIDENCE - APT. HOUSE": 244,
            "RESIDENCE-HOUSE": 110,
            "RESIDENCE - PUBLIC HOUSING": 70,
            "CHAIN STORE": 54
        },
        "least_dangerous": {
            "SHOE": 1,
            "BANK": 1,
            "GAS STATION": 1,
            "CHECK CASHING BUSINESS": 1,
            "MULTI DWELL - APT BUILD": 1
        }
    },
    "feature_importances": {
        "cat_PETIT LARCENY": 0.13365685939788818,
        "cat_HARRASSMENT 2": 0.1284446120262146,
        "cat_ASSAULT 3 & RELATED OFFENSES": 0.10030075162649155,
        "cat_GRAND LARCENY": 0.09412390738725662,
        "cat_FELONY ASSAULT": 0.08533832430839539,
        "cat_BURGLARY": 0.048966068774461746,
        "cat_VEHICLE AND TRAFFIC LAWS": 0.0410325713455677,
        "cat_GRAND LARCENY OF MOTOR VEHICLE": 0.04006309062242508,
        "cat_MISCELLANEOUS PENAL LAW": 0.03720691055059433,
        "cat_OFF. AGNST PUB ORD SENSBLTY &": 0.03133387863636017,
        "cat_ROBBERY": 0.031098026782274246,
        "cat_DANGEROUS WEAPONS": 0.0263218954205513,
        "cat_OTHER STATE LAWS": 0.023395977914333344,
        "cat_OTHER OFFENSES RELATED TO THEFT": 0.01476743072271347,
        "cat_FAST FOOD": 0.014559244737029076,
        "cat_FORGERY": 0.012880174443125725,
        "cat_27": 0.01218288205564022,
        "cat_OFFENSES AGAINST PUBLIC ADMINI": 0.01208160538226366,
        "cat_RAPE": 0.01081285160034895,
        "cat_SMALL MERCHANT": 0.01031147688627243,
        "cat_THEFT-FRAUD": 0.010259204544126987,
        "cat_INTOXICATED & IMPAIRED DRIVING": 0.009837043471634388,
        "cat_CRIMINAL TRESPASS": 0.008816876448690891,
        "cat_STREET": 0.007763518951833248,
        "cat_SEX CRIMES": 0.007561122067272663,
        "cat_48": 0.00736411614343524,
        "cat_20": 0.006401879712939262,
        "cat_RESIDENCE - APT. HOUSE": 0.005831391550600529,
        "cat_POSSESSION OF STOLEN PROPERTY": 0.0054990616627037525,
        "latitude": 0.005460959393531084,
        "cat_11": 0.00434804568067193,
        "cat_8": 0.004060783423483372,
        "cat_25": 0.004054254852235317,
        "longitude": 0.0038632063660770655,
        "cat_AIRPORT TERMINAL": 0.0,
        "is_weekend": 0.0,
        "hour_cos": 0.0,
        "hour_sin": 0.0,
        "month_cos": 0.0,
        "month_sin": 0.0,
        "cat_RESIDENCE - PUBLIC HOUSING": 0.0,
        "cat_PUBLIC SCHOOL": 0.0,
        "cat_PARKING LOT/GARAGE (PUBLIC)": 0.0,
        "cat_PARKING LOT/GARAGE (PRIVATE)": 0.0,
        "cat_OTHER": 0.0,
        "cat_SHOE": 0.0,
        "cat_RESTAURANT/DINER": 0.0,
        "cat_BEAUTY & NAIL SALON": 0.0,
        "cat_CHECK CASHING BUSINESS": 0.0,
        "cat_CHURCH": 0.0,
        "cat_COMMERCIAL BUILDING": 0.0,
        "cat_BANK": 0.0,
        "cat_BUS STOP": 0.0,
        "cat_CANDY STORE": 0.0,
        "cat_CHAIN STORE": 0.0,
        "cat_BAR/NIGHT CLUB": 0.0,
        "cat_DRY CLEANER/LAUNDRY": 0.0,
        "cat_FOOD SUPERMARKET": 0.0,
        "cat_GROCERY/BODEGA": 0.0,
        "cat_GAS STATION": 0.0,
        "cat_HOMELESS SHELTER": 0.0,
        "cat_HOSPITAL": 0.0,
        "cat_HOTEL/MOTEL": 0.0,
        "cat_HIGHWAY/PARKWAY": 0.0,
        "cat_MAILBOX OUTSIDE": 0.0,
        "cat_MULTI DWELL - APT BUILD": 0.0,
        "cat_PARK/PLAYGROUND": 0.0,
        "cat_CLOTHING/BOUTIQUE": 0.0,
        "cat_DEPARTMENT STORE": 0.0,
        "cat_DOCTOR/DENTIST OFFICE": 0.0,
        "cat_DRUG STORE": 0.0,
        "cat_BUS (NYC TRANSIT)": 0.0,
        "cat_19": 0.0,
        "cat_18": 0.0,
        "cat_17": 0.0,
        "cat_16": 0.0,
        "cat_14": 0.0,
        "cat_15": 0.0,
        "cat_13": 0.0,
        "cat_12": 0.0,
        "cat_5": 0.0,
        "cat_10": 0.0,
        "cat_9": 0.0,
        "cat_7": 0.0,
        "cat_6": 0.0,
        "cat_2": 0.0,
        "cat_3": 0.0,
        "cat_4": 0.0,
        "cat_TELECOMM. STORE": 0.0,
        "cat_TAXI (LIVERY LICENSED)": 0.0,
        "cat_STORAGE FACILITY": 0.0,
        "cat_1": 0.0,
        "cat_VIDEO STORE": 0.0,
        "cat_VARIETY STORE": 0.0,
        "cat_TRANSIT FACILITY (OTHER)": 0.0,
        "cat_TRANSIT - NYC SUBWAY": 0.0,
        "cat_RESIDENCE-HOUSE": 0.0,
        "cat_29": 0.0,
        "cat_31": 0.0,
        "cat_30": 0.0,
        "cat_24": 0.0,
        "cat_23": 0.0,
        "cat_21": 0.0,
        "cat_22": 0.0,
        "cat_BURGLAR'S TOOLS": 0.0,
        "cat_ARSON": 0.0,
        "cat_49": 0.0,
        "cat_47": 0.0,
        "cat_45": 0.0,
        "cat_46": 0.0,
        "cat_43": 0.0,
        "cat_44": 0.0,
        "cat_40": 0.0,
        "cat_39": 0.0,
        "cat_42": 0.0,
        "cat_41": 0.0,
        "cat_38": 0.0,
        "cat_37": 0.0,
        "cat_35": 0.0,
        "cat_36": 0.0,
        "cat_28": 0.0,
        "cat_26": 0.0,
        "cat_34": 0.0,
        "cat_33": 0.0,
        "cat_32": 0.0,
        "cat_CANNABIS RELATED OFFENSES": 0.0,
        "cat_CRIMINAL MISCHIEF & RELATED OF": 0.0,
        "cat_DANGEROUS DRUGS": 0.0,
        "cat_MURDER & NON-NEGL. MANSLAUGHTER": 0.0,
        "cat_JOSTLING": 0.0,
        "cat_FRAUDS": 0.0,
        "cat_OFFENSES AGAINST THE PERSON": 0.0,
        "cat_OTHER STATE LAWS (NON PENAL LAW)": 0.0,
        "cat_OFFENSES INVOLVING FRAUD": 0.0,
        "cat_PETIT LARCENY OF MOTOR VEHICLE": 0.0,
        "cat_UNAUTHORIZED USE OF A VEHICLE": 0.0
    }
}